title,link,date
Itâ€™s 2020: Where are the Women in Tech? ,/blog/it-is-2020-where-are-the-women-in-tech,"December 20, 2019"
Implementation Intentions: The Secret Weapon to Achieve Your Goals,/blog/implementation-intentions,"December 12, 2019"
An Introduction to GraphQL - Mutations,/blog/an-introduction-to-graphql-mutations,"December 02, 2019"
Student Interview: Jennifer + Luke on Company Projects,/blog/student-interview-jennifer-luke,"November 07, 2019"
React Hooks! - An Introduction,/blog/react-hooks-intro,"October 22, 2019"
An Introduction to GraphQL - Queries,/blog/an-introduction-to-graphql-queries,"October 15, 2019"
Alumni Spotlight: Sandy Cao,/blog/alumni-spotlight-sandy,"October 10, 2019"
Student Interview: Pair Programming And Company Projects,/blog/student-interview-pair-programming-and-company-projects,"September 03, 2019"
Getting Acquainted With A Production Code Base,/blog/getting-up-to-speed-on-a-production-code-base,"June 18, 2019"
"Staff Spotlight - Zach DeRossette, Career Coach",/blog/staff-spotlight-zach-derossette,"May 22, 2019"
